{
	"format_version": "1.21.6",
	"credit": "Made with Blockbench",
	"ambientocclusion": false,
	"texture_size": [32, 32],
	"textures": {
		"0": "goob:item/tools/drill",
		"particle": "goob:item/tools/drill"
	},
	"elements": [
		{
			"from": [6, 0, 6],
			"to": [10, 2, 12],
			"rotation": {"angle": 0, "axis": "y", "origin": [7, 0, 8]},
			"faces": {
				"north": {"uv": [0, 9.5, 2, 10.5], "texture": "#0"},
				"east": {"uv": [7.5, 4, 10.5, 5], "texture": "#0"},
				"south": {"uv": [9.5, 0, 11.5, 1], "texture": "#0"},
				"west": {"uv": [7.5, 5, 10.5, 6], "texture": "#0"},
				"up": {"uv": [6, 7, 4, 4], "texture": "#0"},
				"down": {"uv": [7.5, 0, 5.5, 3], "texture": "#0"}
			}
		},
		{
			"from": [6, 8, 2],
			"to": [10, 12, 13],
			"rotation": {"angle": 0, "axis": "y", "origin": [7, 8, 8]},
			"faces": {
				"north": {"uv": [7.5, 0, 9.5, 2], "texture": "#0"},
				"east": {"uv": [0, 0, 5.5, 2], "texture": "#0"},
				"south": {"uv": [7.5, 2, 9.5, 4], "texture": "#0"},
				"west": {"uv": [0, 2, 5.5, 4], "texture": "#0"},
				"up": {"uv": [2, 9.5, 0, 4], "texture": "#0"},
				"down": {"uv": [4, 4, 2, 9.5], "texture": "#0"}
			}
		},
		{
			"from": [6.5, 8.5, -1],
			"to": [9.5, 11.5, 2],
			"rotation": {"angle": 0, "axis": "y", "origin": [7.5, 7.5, -3]},
			"faces": {
				"north": {"uv": [7.5, 6, 9, 7.5], "texture": "#0"},
				"east": {"uv": [7.5, 7.5, 9, 9], "texture": "#0"},
				"south": {"uv": [9, 6, 10.5, 7.5], "texture": "#0"},
				"west": {"uv": [7.5, 9, 9, 10.5], "texture": "#0"},
				"up": {"uv": [10.5, 9, 9, 7.5], "texture": "#0"},
				"down": {"uv": [10.5, 9, 9, 10.5], "texture": "#0"}
			}
		},
		{
			"from": [7.5, 9.5, -8],
			"to": [8.5, 10.5, -1],
			"rotation": {"angle": 0, "axis": "y", "origin": [7.5, 7.5, -4]},
			"faces": {
				"north": {"uv": [9.5, 3.5, 10, 4], "texture": "#0"},
				"east": {"uv": [9.5, 1, 13, 1.5], "texture": "#0"},
				"south": {"uv": [10, 3.5, 10.5, 4], "texture": "#0"},
				"west": {"uv": [9.5, 1.5, 13, 2], "texture": "#0"},
				"up": {"uv": [2.5, 13, 2, 9.5], "texture": "#0"},
				"down": {"uv": [3, 9.5, 2.5, 13], "texture": "#0"}
			}
		},
		{
			"from": [7, 1, 8],
			"to": [9, 9, 11],
			"rotation": {"angle": -7.5, "axis": "x", "origin": [8, 5, 9.5]},
			"faces": {
				"north": {"uv": [5.5, 7, 6.5, 11], "texture": "#0"},
				"east": {"uv": [6, 3, 7.5, 7], "texture": "#0"},
				"south": {"uv": [6.5, 7, 7.5, 11], "texture": "#0"},
				"west": {"uv": [4, 7, 5.5, 11], "texture": "#0"},
				"up": {"uv": [10.5, 3.5, 9.5, 2], "texture": "#0"},
				"down": {"uv": [4, 9.5, 3, 11], "texture": "#0"}
			}
		},
		{
			"from": [7.5, 6, 6.5],
			"to": [8.5, 8, 8.5],
			"rotation": {"angle": 0, "axis": "y", "origin": [7.5, 2, 5.5]},
			"faces": {
				"north": {"uv": [5.5, 3, 6, 4], "texture": "#0"},
				"east": {"uv": [0, 10.5, 1, 11.5], "texture": "#0"},
				"south": {"uv": [10.5, 2, 11, 3], "texture": "#0"},
				"west": {"uv": [1, 10.5, 2, 11.5], "texture": "#0"},
				"up": {"uv": [11, 4, 10.5, 3], "texture": "#0"},
				"down": {"uv": [11, 4, 10.5, 5], "texture": "#0"}
			}
		}
	],
	"display": {
		"thirdperson_righthand": {
			"translation": [0, 1, 1]
		},
		"thirdperson_lefthand": {
			"translation": [0, 1, 1]
		},
		"firstperson_righthand": {
			"rotation": [7.2, 13.91, -1.09],
			"translation": [0.25, 3.25, -3.5]
		},
		"firstperson_lefthand": {
			"rotation": [7.2, 13.91, -1.09],
			"translation": [0.25, 3.25, -3.5]
		},
		"gui": {
			"rotation": [20, 150, 0],
			"translation": [1.75, 1.5, 0]
		},
		"head": {
			"rotation": [15.75, 0, 0],
			"translation": [0, 2.5, -2]
		}
	}
}