{
	"format_version": "1.21.6",
	"credit": "Made with Blockbench",
	"ambientocclusion": false,
	"textures": {
		"0": "goob:item/tools/hammer",
		"particle": "goob:item/tools/hammer"
	},
	"elements": [
		{
			"from": [7, 0, 7],
			"to": [9, 7, 9],
			"rotation": {"angle": 0, "axis": "y", "origin": [7, 0, 7]},
			"faces": {
				"north": {"uv": [0, 0, 2, 7], "texture": "#0"},
				"east": {"uv": [2, 0, 4, 7], "texture": "#0"},
				"south": {"uv": [4, 0, 6, 7], "texture": "#0"},
				"west": {"uv": [6, 0, 8, 7], "texture": "#0"},
				"up": {"uv": [4, 11, 2, 9], "texture": "#0"},
				"down": {"uv": [6, 9, 4, 11], "texture": "#0"}
			}
		},
		{
			"from": [6.8, -0.2, 6.8],
			"to": [9.2, 2.2, 9.2],
			"rotation": {"angle": 0, "axis": "y", "origin": [7, 0, 7]},
			"faces": {
				"north": {"uv": [10, 11, 12, 13], "texture": "#0"},
				"east": {"uv": [0, 12, 2, 14], "texture": "#0"},
				"south": {"uv": [12, 4, 14, 6], "texture": "#0"},
				"west": {"uv": [12, 6, 14, 8], "texture": "#0"},
				"up": {"uv": [14, 10, 12, 8], "texture": "#0"},
				"down": {"uv": [14, 10, 12, 12], "texture": "#0"}
			}
		},
		{
			"from": [10.8, 6.8, 6.8],
			"to": [13.2, 9.2, 9.2],
			"rotation": {"angle": 0, "axis": "y", "origin": [12, 7, 7]},
			"faces": {
				"north": {"uv": [6, 9, 8, 11], "texture": "#0"},
				"east": {"uv": [8, 9, 10, 11], "texture": "#0"},
				"south": {"uv": [10, 4, 12, 6], "texture": "#0"},
				"west": {"uv": [10, 9, 12, 11], "texture": "#0"},
				"up": {"uv": [4, 13, 2, 11], "texture": "#0"},
				"down": {"uv": [6, 11, 4, 13], "texture": "#0"}
			}
		},
		{
			"from": [5, 7, 7],
			"to": [11, 9, 9],
			"rotation": {"angle": 0, "axis": "y", "origin": [7, 7, 7]},
			"faces": {
				"north": {"uv": [0, 7, 6, 9], "texture": "#0"},
				"east": {"uv": [6, 11, 8, 13], "texture": "#0"},
				"south": {"uv": [6, 7, 12, 9], "texture": "#0"},
				"west": {"uv": [8, 11, 10, 13], "texture": "#0"},
				"up": {"uv": [14, 2, 8, 0], "texture": "#0"},
				"down": {"uv": [14, 2, 8, 4], "texture": "#0"}
			}
		},
		{
			"from": [4, 6, 7],
			"to": [5, 9, 9],
			"rotation": {"angle": 0, "axis": "y", "origin": [1, 7, 7]},
			"faces": {
				"north": {"uv": [12, 12, 13, 15], "texture": "#0"},
				"east": {"uv": [8, 4, 10, 7], "texture": "#0"},
				"south": {"uv": [2, 13, 3, 16], "texture": "#0"},
				"west": {"uv": [0, 9, 2, 12], "texture": "#0"},
				"up": {"uv": [4, 15, 3, 13], "texture": "#0"},
				"down": {"uv": [5, 13, 4, 15], "texture": "#0"}
			}
		}
	],
	"display": {
		"thirdperson_righthand": {
			"rotation": [0, 90, 0],
			"translation": [0, 2.25, 0]
		},
		"thirdperson_lefthand": {
			"rotation": [0, 90, 0],
			"translation": [0, 2.25, 0]
		},
		"firstperson_righthand": {
			"rotation": [-160.03, 76.09, 171.65],
			"translation": [-1.75, 5.75, 0.25]
		},
		"firstperson_lefthand": {
			"rotation": [-160.03, 76.09, 171.65],
			"translation": [-1.75, 5.75, 0.25]
		},
		"gui": {
			"rotation": [20, -150, 0],
			"translation": [0.5, 4.25, 0],
			"scale": [1.3, 1.3, 1.3]
		}
	}
}