{
	"format_version": "1.21.6",
	"credit": "Made with Blockbench",
	"ambientocclusion": false,
	"textures": {
		"0": "goob:item/tools/screwdriver",
		"particle": "goob:item/tools/screwdriver"
	},
	"elements": [
		{
			"from": [7, 0, 7],
			"to": [9, 6, 9],
			"rotation": {"angle": 0, "axis": "y", "origin": [7, 0, 7]},
			"faces": {
				"north": {"uv": [0, 0, 2, 6], "texture": "#0"},
				"east": {"uv": [2, 0, 4, 6], "texture": "#0"},
				"south": {"uv": [4, 0, 6, 6], "texture": "#0"},
				"west": {"uv": [0, 6, 2, 12], "texture": "#0"},
				"up": {"uv": [11, 2, 9, 0], "texture": "#0"},
				"down": {"uv": [11, 2, 9, 4], "texture": "#0"}
			}
		},
		{
			"from": [6.8, 0.8, 6.8],
			"to": [9.2, 5.2, 9.2],
			"rotation": {"angle": 0, "axis": "y", "origin": [7, 0, 7]},
			"faces": {
				"north": {"uv": [7, 0, 9, 4], "texture": "#0"},
				"east": {"uv": [7, 4, 9, 8], "texture": "#0"},
				"south": {"uv": [5, 8, 7, 12], "texture": "#0"},
				"west": {"uv": [7, 8, 9, 12], "texture": "#0"},
				"up": {"uv": [11, 6, 9, 4], "texture": "#0"},
				"down": {"uv": [11, 6, 9, 8], "texture": "#0"}
			}
		},
		{
			"from": [7.5, 6, 7.5],
			"to": [8.5, 14, 8.5],
			"rotation": {"angle": 0, "axis": "y", "origin": [6.5, 6, 7.5]},
			"faces": {
				"north": {"uv": [6, 0, 7, 8], "texture": "#0"},
				"east": {"uv": [2, 6, 3, 14], "texture": "#0"},
				"south": {"uv": [3, 6, 4, 14], "texture": "#0"},
				"west": {"uv": [4, 6, 5, 14], "texture": "#0"},
				"up": {"uv": [6, 7, 5, 6], "texture": "#0"},
				"down": {"uv": [6, 7, 5, 8], "texture": "#0"}
			}
		}
	],
	"display": {
		"thirdperson_righthand": {
			"translation": [0, 3.5, 0]
		},
		"thirdperson_lefthand": {
			"translation": [0, 3.5, 0]
		},
		"firstperson_righthand": {
			"rotation": [-16.47, 9.38, 5.31],
			"translation": [1.25, 5.5, -4.5]
		},
		"firstperson_lefthand": {
			"rotation": [-16.47, 9.38, 5.31],
			"translation": [1.25, 5.5, -4.5]
		},
		"gui": {
			"rotation": [174.4, -35.2, 134.32],
			"translation": [-0.75, 0.75, 0]
		}
	}
}