{
  "model": {
    "type": "minecraft:select",
    "property": "minecraft:component",
    "component": "minecraft:custom_name",
    "cases": [
      {
        "when": "Screwdriver",
        "model": {
          "type": "minecraft:model",
          "model": "goob:item/tools/screwdriver"
        }
      },
      {
        "when": "Hammer",
        "model": {
          "type": "minecraft:model",
          "model": "goob:item/tools/hammer"
        }
      },
      {
        "when": "Wrench",
        "model": {
          "type": "minecraft:model",
          "model": "goob:item/tools/wrench"
        }
      },
      {
        "when": "Drill",
        "model": {
          "type": "minecraft:model",
          "model": "goob:item/tools/drill"
        }
      }
    ],
    "fallback": {
      "type": "minecraft:select",
      "cases": [
        {
          "model": {
            "type": "minecraft:model",
            "model": "minecraft:item/golden_spear"
          },
          "when": [
            "gui",
            "ground",
            "fixed",
            "on_shelf"
          ]
        }
      ],
      "fallback": {
        "type": "minecraft:model",
        "model": "minecraft:item/golden_spear_in_hand"
      },
      "property": "minecraft:display_context"
    }
  },
  "swap_animation_scale": 1.95
}
