{
  "description": {
    "translate": "goob.enchantments.destruction",
    "color": "light_purple"
  },
  "supported_items": "#minecraft:pickaxes",
  "primary_items": "#minecraft:pickaxes",
  "max_level": 1,
  "slots": [
    "mainhand"
  ],
  "min_cost": {
    "base": 12,
    "per_level_above_first": 8
  },
  "max_cost": {
    "base": 40,
    "per_level_above_first": 8
  },
  "anvil_cost": 8,
  "weight": 1,
  "effects": {
    "minecraft:hit_block": [
      {
        "effect": {
          "type": "minecraft:all_of",
          "effects": [
            {
              "type": "minecraft:run_function",
              "function": "goob:enchantments/destruction/try_break"
            },
            {
              "type": "minecraft:change_item_damage",
              "amount": 9999999
            },
            {
              "type": "minecraft:apply_exhaustion",
              "amount": 15
            },
            {
              "type": "minecraft:explode",
              "attribute_to_user": true,
              "damage_type": "minecraft:player_explosion",
              "immune_blocks": "#goob:util/tags/indestructible",
              "knockback_multiplier": 5,
              "radius": 2,
              "create_fire": true,
              "block_interaction": "tnt",
              "small_particle": {
                "type": "minecraft:poof"
              },
              "large_particle": {
                "type": "minecraft:campfire_signal_smoke"
              },
              "block_particles": [
                {
                  "weight": 1,
                  "particle": {
                    "type": "minecraft:ash"
                  }
                }
              ],
              "sound": "minecraft:entity.wither.break_block"
            },
            {
              "type": "minecraft:apply_mob_effect",
              "to_apply": "minecraft:slowness",
              "min_duration": 3,
              "max_duration": 6,
              "min_amplifier": 2,
              "max_amplifier": 4
            },
            {
              "type": "minecraft:apply_impulse",
              "direction": [
                0,
                1,
                -0.2
              ],
              "coordinate_scale": [
                0.01,
                1,
                0.01
              ],
              "magnitude": 1
            }
          ]
        },
        "requirements": {
          "condition": "minecraft:inverted",
          "term": {
            "condition": "minecraft:location_check",
            "predicate": {
              "block": {
                "blocks": "#goob:util/tags/operator"
              }
            }
          }
        }
      }
    ]
  }
}
